platform,normalized_category,normalized_Brand,product_family,normalized_sku,raw_sku,product_title,clean_price_usd,normalized_condition,product_url,demo_priority_score,demo_eligible,platform_rank
ebay,Sneakers,Jordan,Air Jordan 1,553558-152,553558-152,Nike Air Jordan 1 Low Iron Grey 553558-152 Men's Size New,105.44,New,https://www.ebay.com/itm/267046956265,10.396,True,1
ebay,Sneakers,Jordan,Air Jordan 1,553558-166,553558-166,Nike Air Jordan 1 Low Shoes Summit White Varsity Red 553558-166 Men's Sizes NEW,103.31,New,https://www.ebay.com/itm/267342534532,10.164,True,1
ebay,Sneakers,Jordan,Air Jordan 1,HJ5999-400,HJ5999-400,Nike Air Jordan 1 Low SE Shoes Glacier Blue Sea Glass HJ5999-400 Men's Sizes NEW,98.4,New,https://www.ebay.com/itm/167500213198,10.14,True,1
ebay,Sneakers,Jordan,Air Jordan 1,553558-040,553558-040,Nike Air Jordan 1 Low Black White Grey Men's 553558-040 & GS 553560-040 New,89.97,New,https://www.ebay.com/itm/157490198579,10.112,True,1
ebay,Sneakers,Jordan,Air Jordan 1,553558-152,553558-152,NIKE AIR Jordan 1 Low Iron Grey Men's 553558-152 New Shoes,99.97,New,https://www.ebay.com/itm/156962034273,10.076,True,2
ebay,Sneakers,Jordan,Air Jordan 1,553558-147,553558-147,Nike Air Jordan 1 Low Shoes Rare Air Sail Blue Green Grey 553558-147 Men's NEW,84.62,New,https://www.ebay.com/itm/127368322879,10.072,True,1
ebay,Sneakers,Jordan,Air Jordan 1,553560-146,553560-146,Nike Air Jordan 1 Low White Grey Midnight Navy 553560-146 GS & Women's Size New,100.69,New,https://www.ebay.com/itm/267253028425,10.064,True,1
ebay,Sneakers,Jordan,Air Jordan 1,553558-166,553558-166,Nike Air Jordan 1 Low Shoe Varsity Red White New Beginnings 553558-166 Men's NEW,80.07,New,https://www.ebay.com/itm/127433569374,10.06,True,2
ebay,Sneakers,Jordan,Air Jordan 1,DQ8426-100,DQ8426-100,Nike Air Jordan 1 Mid White Black Rust Pink DQ8426-100 Men's Shoes NEW,84.99,New,https://www.ebay.com/itm/326861790639,10.06,True,1
ebay,Sneakers,Jordan,Air Jordan 1,HQ2010-012,HQ2010-012,HQ2010-012 Air Jordan 1 Low Light Smoke Grey Men`s,109.99,New,https://www.ebay.com/itm/136532760963,10.06,True,1
ebay,Sneakers,Jordan,Air Jordan 1,553558-147,553558-147,Nike Air Jordan 1 Low Rare Air 553558-147 Men's Size New,100.69,New,https://www.ebay.com/itm/267328097815,10.056,True,2
ebay,Sneakers,Jordan,Air Jordan 1,HF3148-011,HF3148-011,Nike Air Jordan 1 Low SE Medium Grey Cool Grey White HF3148-011 Mens Shoes New,114.99,New,https://www.ebay.com/itm/236223877268,10.056,True,1
ebay,Sneakers,Jordan,Air Jordan 1,DZ5485-402,DZ5485-402,Nike Air Jordan 1 Retro High OG Shoes UNC Reimagined DZ5485-402 Mens Size,125.54,New,https://www.ebay.com/itm/135837073398,10.052,True,1
ebay,Sneakers,Jordan,Air Jordan 1,HF3148-011,HF3148-011,Air Jordan 1 Low SE Men's Multi Size Medium Grey/Cool Grey-White HF3148-011,89.99,New - No Box,https://www.ebay.com/itm/187338455332,10.048,True,2
ebay,Sneakers,Jordan,Air Jordan 1,HQ2010-012,HQ2010-012,Jordan 1 Low Light Smoke Grey Off Noir - HQ2010-012,115,New,https://www.ebay.com/itm/197969389918,10.044,True,2
ebay,Sneakers,Jordan,Air Jordan 1,553558-147,553558-147,Nike Air Jordan 1 Low Rare Air 553558-147 Men's Shoes NEW,75,New,https://www.ebay.com/itm/326788746670,10.04,True,3
ebay,Sneakers,Jordan,Air Jordan 1,HF3148-011,HF3148-011,Nike Air Jordan 1 Low SE Medium Grey White Mens Sports Sneaker HF3148-011,118.75,New,https://www.ebay.com/itm/127143378788,10.04,True,3
ebay,Sneakers,Jordan,Air Jordan 1,DQ8426-010,DQ8426-010,Nike Air Jordan 1 Mid Black White Off Noir DQ8426-010 Men's Sizes NEW WITH BOX,89.97,New,https://www.ebay.com/itm/177305219001,10.036,True,1
ebay,Sneakers,Jordan,Air Jordan 1,553558-152,553558-152,NEW Air Jordan 1 Low Men's Multi Size White/Black-Iron Grey-553558-152 Fast Ship,94.99,New - No Box,https://www.ebay.com/itm/186946117767,10.032,True,3
ebay,Sneakers,Jordan,Air Jordan 1,HJ5999-400,HJ5999-400,Nike Air Jordan 1 Low SE Shoes Glacier Blue Sea Glass HJ5999-400 Mens Sizes NEW,79.97,New,https://www.ebay.com/itm/317168444868,10.032,True,2
ebay,Sneakers,Jordan,Air Jordan 1,IB7403-224,IB7403-224,NEW Air Jordan 1 Mid SE Men's Multi Size Flax/University Gold-Sesame IB7403-224,114.99,New - No Box,https://www.ebay.com/itm/187519082107,10.032,True,1
ebay,Sneakers,Jordan,Air Jordan 1,IB7403-224,IB7403-224,***Nike Air Jordan 1 Mid SE 'Cheeseburger' Brown Gold Men's Shoes IB7403-224,139.97,New,https://www.ebay.com/itm/286718505830,10.032,True,2
ebay,Sneakers,Jordan,Air Jordan 1,DQ8426-100,DQ8426-100,Nike Air Jordan 1 Mid Shoes White Black Rust Pink DQ8426-100 GS DQ8423-100,89.99,New,https://www.ebay.com/itm/167508682158,10.024,True,2
ebay,Sneakers,Jordan,Air Jordan 1,IB7403-224,IB7403-224,Nike Air Jordan 1 Mid SE Cheeseburger Flax Sesame Gold IB7403-224 Men's,100,New,https://www.ebay.com/itm/286894719756,10.024,True,3
ebay,Sneakers,Jordan,Air Jordan 1,HQ2010-005,HQ2010-005,Nike Air Jordan 1 Low Tokyo Bio Hack Men's HQ2010-005 & GS HQ2021-005 New,99.97,New,https://www.ebay.com/itm/157490972599,10.02,True,1
ebay,Sneakers,Jordan,Air Jordan 1,DZ5485-402,DZ5485-402,Nike Air Jordan 1 Retro High OG Blue UNC Reimagined Sneaker DZ5485-402 Mens Size,119.99,New,https://www.ebay.com/itm/397449502475,10.016,True,2
ebay,Sneakers,Jordan,Air Jordan 1,CZ0858-400,CZ0858-400,Nike Air Jordan 1 Low OG Obsidian UNC CZ0858-400 GS & Women's Size New,100,New,https://www.ebay.com/itm/267357888304,10.012,True,1
ebay,Sneakers,Jordan,Air Jordan 1,DQ8426-142,DQ8426-142,Nike Air Jordan 1 Mid White Pure Platinum Pine Green DQ8426-142 Men's Size New,100.69,New,https://www.ebay.com/itm/267206549192,10.012,True,1
ebay,Sneakers,Jordan,Air Jordan 1,DZ5485-402,DZ5485-402,Nike Air Jordan 1 Retro High OG Shoe UNC Reimagined DZ5485-402 Men's DAMAGED BOX,102.82,New,https://www.ebay.com/itm/127591536538,10.012,True,3
ebay,Sneakers,Jordan,Air Jordan 1,HF3216-102,HF3216-102,Nike Air Jordan 1 Mid SE AJ1 Dark Pony Casual Men Shoes Sneakers HF3216-102,120,New,https://www.ebay.com/itm/167450864398,10.012,True,1
ebay,Sneakers,Jordan,Air Jordan 1,HF3216-102,HF3216-102,"HF3216-102 Air Jordan 1 Mid ""Dark Pony""",109.99,New,https://www.ebay.com/itm/136660303784,10.012,True,2
ebay,Sneakers,Jordan,Air Jordan 1,553558-040,553558-040,Nike Air Jordan 1 Low Black White Grey 553558-040 Mens New,109.99,New,https://www.ebay.com/itm/187925385709,10.008,True,2
ebay,Sneakers,Jordan,Air Jordan 1,553558-166,553558-166,Nike Air Jordan 1 Low Varsity Red White 553558-166 Men's Shoes NEW,98.99,New,https://www.ebay.com/itm/326959000530,10.008,True,3
ebay,Sneakers,Jordan,Air Jordan 1,553560-146,553560-146,Nike Air Jordan 1 Low GS Shoes White Midnight Navy Gum 553560-146 Multi Size NEW,95,New,https://www.ebay.com/itm/267513986956,10.008,True,2
ebay,Sneakers,Jordan,Air Jordan 1,553560-371,553560-371,Nike Air Jordan 1 Low Green Toe Black White 553560-371 GS Shoes BRAND NEW DS,175,New,https://www.ebay.com/itm/146076985385,10.008,True,1
ebay,Sneakers,Jordan,Air Jordan 1,CZ0790-140,CZ0790-140,"Air Jordan 1 Low OG Game Royal Blue Sneakers, Size 10.5 BNIB CZ0790-140",119.99,New,https://www.ebay.com/itm/267285640125,10.008,True,1
ebay,Sneakers,Jordan,Air Jordan 1,HF3188-102,HF3188-102,Nike Air Jordan 1 Low SE Dark Pony (GS) HF3188-102 New,94.97,New,https://www.ebay.com/itm/157231635463,10.008,True,1
ebay,Sneakers,Jordan,Air Jordan 1,553558-040,553558-040,MENS AIR JORDAN 1 LOW_BLACK/PARTICLE GREY-WHITE 553558-040-SIZE 11,79.99,New,https://www.ebay.com/itm/136942760011,10.004,True,3
ebay,Sneakers,Jordan,Air Jordan 1,DM1206-067,DM1206-067,Nike Sneakers Air Jordan 1 Low EasyOn Bred DM1206-067,150,New,https://www.ebay.com/itm/406406349823,10.004,True,1
ebay,Sneakers,Jordan,Air Jordan 1,DQ8426-010,DQ8426-010,Mens Size 10.5 Nike Air Jordan 1 Mid Black Off Noir White DQ8426-010 ((No Lid)),89.99,New,https://www.ebay.com/itm/326655775903,10.004,True,2
ebay,Sneakers,Jordan,Air Jordan 1,HQ2010-005,HQ2010-005,Air Jordan 1 Low Tokyo Bio Hack HQ2010-005 Men Size,125,New,https://www.ebay.com/itm/205807128212,10.004,True,2
ebay,Sneakers,Jordan,Air Jordan 1,HQ2010-012,HQ2010-012,Air Jordan 1 Low Light Smoke Grey - HQ2010-012,134,New,https://www.ebay.com/itm/365926810792,10.004,True,3
amazon,Sneakers,Jordan,Air Jordan 1,553558-040,553558-040,Air Jordan 1 Low Mens Lifestyle Shoes (Black/White/Particle Grey),114,New,https://www.amazon.com/Nike-Jordan-Black-Particle-White/dp/B097WGVNB6/ref=sr_1_142?dib=eyJ2IjoiMSJ9.yava-ArJgKFvjuxWksKvFGRczXX8yOHVFuGb02zkI1J4SN4Qkde2QtHpHkpxO5ICKNerkBMN0zQcPRmfDy0spanemMMiJpdSnfqQA4Lhhg52_ocCdxAuo_j4UU9uTzuv0wj489LOGcvX4VzGLXYA6-CzfyOdnpx90Jux1fNC1euB7GB-3d4OdqkHU0Sci24QfyAoHHLaZqyDqBQEmcBxay2Fn_9U8dklOgL3e3hmrIOk5m9JoxKfryts5wSodMv5_zJglWTiv_1m_-uWvtbXOfxcdQLqGbK1Rad9PlMfyPI.uTHRyCfCA_4qid2Fw6K7uSfJ6C7240qdQiy_nn6Z-7w&dib_tag=se&keywords=Air+Jordan+sneakers&qid=1769597699&sr=8-142&xpid=9wbIeO2E2wuAq,10,True,1
amazon,Sneakers,Jordan,Air Jordan 1,553558-147,553558-147,Air Jordan 1 Low Men's Shoes (Sail/Stadium Green/Neutral Grey/Deep Royal Blue),110.57,New,https://www.amazon.com/dp/B0FMLXDYKN,10,True,2
amazon,Sneakers,Jordan,Air Jordan 1,553558-152,553558-152,"Air Jordan 1 Low Men's Shoes (553558-152, White/Iron Grey/Black)",210.62,New,https://www.amazon.com/dp/B0DHMSD969,10,True,1
amazon,Sneakers,Jordan,Air Jordan 1,553558-166,553558-166,Air Jordan 1 Low - Rule of Next,109,New,https://www.amazon.com/Air-Jordan-Low-Rule-Next/dp/B0F4M8BR1M/ref=sr_1_103?dib=eyJ2IjoiMSJ9.yava-ArJgKFvjuxWksKvFGRczXX8yOHVFuGb02zkI1J4SN4Qkde2QtHpHkpxO5ICKNerkBMN0zQcPRmfDy0spanemMMiJpdSnfqQA4Lhhg52_ocCdxAuo_j4UU9uTzuv0wj489LOGcvX4VzGLXYA6-CzfyOdnpx90Jux1fNC1euB7GB-3d4OdqkHU0Sci24QfyAoHHLaZqyDqBQEmcBxay2Fn_9U8dklOgL3e3hmrIOk5m9JoxKfryts5wSodMv5_zJglWTiv_1m_-uWvtbXOfxcdQLqGbK1Rad9PlMfyPI.uTHRyCfCA_4qid2Fw6K7uSfJ6C7240qdQiy_nn6Z-7w&dib_tag=se&keywords=Air+Jordan+sneakers&qid=1769597699&sr=8-103&xpid=9wbIeO2E2wuAq,10,True,1
amazon,Sneakers,Jordan,Air Jordan 1,553560-146,553560-146,"Air Jordan 1 Low Big Kids' Shoes (553560-146, White/Neutral Grey/Gum Medium Brown/Midnight Navy)",129,New,https://www.amazon.com/dp/B0DYZ2GFK8,10,True,1
amazon,Sneakers,Jordan,Air Jordan 1,553560-371,553560-371,"Nike Jordan 1 Low Noble Green Grade School GS 553560-371, Noble Green/Black/White, 5 Big Kid",132,New,https://www.amazon.com/Nike-Jordan-Noble-School-553560-371/dp/B09NP9C9FP/ref=sr_1_120?dib=eyJ2IjoiMSJ9.yava-ArJgKFvjuxWksKvFGRczXX8yOHVFuGb02zkI1J4SN4Qkde2QtHpHkpxO5ICKNerkBMN0zQcPRmfDy0spanemMMiJpdSnfqQA4Lhhg52_ocCdxAuo_j4UU9uTzuv0wj489LOGcvX4VzGLXYA6-CzfyOdnpx90Jux1fNC1euB7GB-3d4OdqkHU0Sci24QfyAoHHLaZqyDqBQEmcBxay2Fn_9U8dklOgL3e3hmrIOk5m9JoxKfryts5wSodMv5_zJglWTiv_1m_-uWvtbXOfxcdQLqGbK1Rad9PlMfyPI.uTHRyCfCA_4qid2Fw6K7uSfJ6C7240qdQiy_nn6Z-7w&dib_tag=se&keywords=Air+Jordan+sneakers&qid=1769597699&sr=8-120&xpid=9wbIeO2E2wuAq,10,True,1
amazon,Sneakers,Jordan,Air Jordan 1,CZ0790-140,CZ0790-140,JORDAN AIR JORDAN 1 LOW GAME ROYAL,140.73,New,https://www.amazon.com/dp/B0DLH3DYJ4,10,True,1
amazon,Sneakers,Jordan,Air Jordan 1,CZ0858-400,CZ0858-400,"Air Jordan 1 Low OG Obsidian Big Kids' Shoes (CZ0858-400, Obsidian/Sail/University Blue)",104.33,New,https://www.amazon.com/dp/B0F5BX47FC,10,True,2
amazon,Sneakers,Jordan,Air Jordan 1,DM1206-067,DM1206-067,"Air Jordan 1 Low FlyEase Men's Easy On/Off Shoes (DM1206-067, Black/Summit White/Varsity Red)",162.01,New,https://www.amazon.com/Jordan-FlyEase-DM1206-067-Summit-Varsity/dp/B0DRWGRYF9/ref=sr_1_280?dib=eyJ2IjoiMSJ9.gN9055O8nmnC8CYnJRMojPNXAtWpIKFExFQaZwFapxqxTY1ei_P8a-olGr0PYPOx4wq5_Wm2fbsb0MWICeXdlqGssII65WGiVARXFcfTaVHjP31STq7BoBz5mJYX-dlOmG2RSApdtH53eqwHI253pn3dwSG3QdGw74M8z4RqutCkpu3u16DMCi5LeQ1lmXB2oj-TUeGjW53Q9VRglMdjZfa2OIzKGfaXE4CcouLwrxpCOwHG_TujaxlYK5amKVkQJpBU2HYMdPz-8EbdrwNPPnWaTXuon_c5y8V9hwEKMy0.syVoClS3bR02mqJzn1eilaWJHQxjv4RSDCTd58gvx3Y&dib_tag=se&keywords=Air+Jordan+sneakers&qid=1768303165&sr=8-280&xpid=VT6rjyCaKyjMi,10,True,1
amazon,Sneakers,Jordan,Air Jordan 1,DQ8426-010,DQ8426-010,"Air Jordan 1 Mid Men's Shoes (DQ8426-010, Black/Summit White/Off Noir) Size 9.5",130.57,New,https://www.amazon.com/Jordan-Shoes-DQ8426-010-Black-Summit/dp/B0DSLV27SV/ref=sr_1_135?dib=eyJ2IjoiMSJ9.yava-ArJgKFvjuxWksKvFGRczXX8yOHVFuGb02zkI1J4SN4Qkde2QtHpHkpxO5ICKNerkBMN0zQcPRmfDy0spanemMMiJpdSnfqQA4Lhhg52_ocCdxAuo_j4UU9uTzuv0wj489LOGcvX4VzGLXYA6-CzfyOdnpx90Jux1fNC1euB7GB-3d4OdqkHU0Sci24QfyAoHHLaZqyDqBQEmcBxay2Fn_9U8dklOgL3e3hmrIOk5m9JoxKfryts5wSodMv5_zJglWTiv_1m_-uWvtbXOfxcdQLqGbK1Rad9PlMfyPI.uTHRyCfCA_4qid2Fw6K7uSfJ6C7240qdQiy_nn6Z-7w&dib_tag=se&keywords=Air+Jordan+sneakers&qid=1769597699&sr=8-135&xpid=9wbIeO2E2wuAq,10,True,1
amazon,Sneakers,Jordan,Air Jordan 1,DQ8426-010,DQ8426-010,"Air Jordan 1 Mid Men's Shoes (DQ8426-010, Black/Summit White/Off Noir) Size 10.5",172,New,https://www.amazon.com/Jordan-Shoes-DQ8426-010-Black-Summit/dp/B0DSLV8RMF/ref=sr_1_240?dib=eyJ2IjoiMSJ9.xCeBKNWehiwsvgUvJmDBIef2bNP_E1hsHjZml2VRUsWXJEbxKsrBxE71Yc2-Ez_UY0Nph_E1V4E43Rwc6RMN0OA_3dBsh4T8kkLNhGO2v4_gBQmstQP5PgRsRftsqVbj3Q-acGkCk8Kz4U88y6bPaKSman0qdfLeuD7oAGAMZL_DS3fHoqaQgikg6OFVejDH4AgwKcWjbTuRIsO4MXRbU52VrSmfcv0cd4H2cXdsh-_A0d-wB8_PI-ZpL5i6TUD8fGJnsbfVq5zBDVW2AlMu5I5bWjH-CEb3yuA9KzT5KWg.XSXnO-p8zgQw6uvooZWfYENNPHd3CUBGfKY57jgnol4&dib_tag=se&keywords=Air+Jordan+sneakers&qid=1769597734&sr=8-240&xpid=9wbIeO2E2wuAq,10,True,2
amazon,Sneakers,Jordan,Air Jordan 1,DQ8426-100,DQ8426-100,"AIR JORDAN 1 MID ""WHITE/BLACK-RUST PINK""",100.97,New,https://www.amazon.com/dp/B0F68TVTGL,10,True,1
amazon,Sneakers,Jordan,Air Jordan 1,DQ8426-100,DQ8426-100,"AIR JORDAN 1 MID ""WHITE/BLACK-RUST PINK""",105.76,New,https://www.amazon.com/dp/B0F68W25BB,10,True,2
amazon,Sneakers,Jordan,Air Jordan 1,DQ8426-142,DQ8426-142,Nike Men's Air Jordan 1 Mid Shoes,101,New,https://www.amazon.com/JORDAN-SUMMIT-WHITE-GREEN-PURE-PLATINUM/dp/B0DV7MN3LR/ref=sr_1_67?dib=eyJ2IjoiMSJ9.D5w7idhbuV-wwNvCAMOSCctM9Z6bP5FnI0QKdb4WTY8v8R-xtIfYhl9bSqUBiwlTpwaHtScI2vCM3MA04J-9lPgFV9EhD2HWD_c0g1VTesfraB_aoEf5z-It0U3elxrhEPLf2qQIBNmu0rv7NYvpQe-N1_w-gxQAs6la_QTUl8TaiGORN9N7u0lZUuQM1flbJo4hzJrhLqnD9kiw3tTCLV0wcLN_dsyZGMct5AL0dv0ddas9K4xQXspEUKj-fgmIayGDGOj7F4b3nvkh5sxjZrmgE4fi51lSQ3Ml0s0_Sy4.Zg4bCTsGVvKooOiCtB-NCRFmjTyA_4Q6JeYIMeasdzQ&dib_tag=se&keywords=Jordan+sneakers&qid=1769198126&sr=8-67&xpid=nXjk8ayRGkN3X,10,True,2
amazon,Sneakers,Jordan,Air Jordan 1,DZ2523-001,DZ2523-001,JORDAN 1 RETRO HIGH OG TWIST 2.0 MEDIUM GREY (WOMEN'S),202.63,New,https://www.amazon.com/Jordan-Womens-DZ2523-Sneakers-Midnight/dp/B0BRBV37CZ/ref=sr_1_14?dib=eyJ2IjoiMSJ9.lV5rIamrryZHhjQoeXa5NoOZcwSuOdpcLlbrpL0xGoPi4wDlNGzGJDIJk-tx1FjPn-ie_mt2uX9Ibr0Qt5aFEV06rJDwYzKJRhS-CNHRGll5xDU2bH00O4dkg0FXXsquAWC4ADCU1ITDE_mm_ZGJr50QyppD2rB7rMUzVNUapGgExeaYkGgTg_QZClrlYdNbCtzXPk5leLQjJubCK9R01YJby36wPQC9TmRj1scxkOP7oW09L9nLIqn-acV7aAmBSMNhMJ9DNhq2sNoaw1ifCNtWdFlcjfxRGisxpSQcmMU.36DZxmPrlin-s3oSvre-bvoY4LDQm5uoUTQwkmHRX4c&dib_tag=se&keywords=Air+Jordan+sneakers&qid=1769597670&sr=8-14,10,True,1
ebay,Sneakers,Jordan,Air Jordan 1,DZ2523-001,DZ2523-001,Nike Women's Air Jordan 1 High OG 'Twist 2.0' Black Grey DZ2523-001 Size 10,100,New,https://www.ebay.com/itm/405879614797,10,True,1
amazon,Sneakers,Jordan,Air Jordan 1,DZ5485-402,DZ5485-402,Air Jordan 1 Retro High OG POWDER BLUE/DK POWDER BLUE,147.2,New,https://www.amazon.com/Retro-High-Jordan-Powder-JORDAN/dp/B0F9FNV9BK/ref=sr_1_146?dib=eyJ2IjoiMSJ9.hpoQ8Z3_yJ75k0BSlNpppuWOq0z6iQEgHfkFE4TDDyWK6Ai7_drbmXx9Vonxoqv2HMTMqYFD5c8Hc-J2z8y0ENNnithCVCy5ThjzY6zgECl7HmuP3RhBeRnF575JI6OQImdzK5DjG6UBO3_FETDzvb_6jm9QQSUOTcqDyqy1z2S1FucseSF16csgZ9vCTGLy1yQdA4betNKTQm7F66cLzWp9sqpm5a3u3utMvv2pgSnm47IAYSg_-S6DLcZgKO6cDSOJuKA-ifa6zkl9zN7gqG0kkA0M19JWRJ7BRjZZctQ.dWxCt-F6olv8xgkMGZ3tZ7RX6zARm2EdKfU-sYLKPjI&dib_tag=se&keywords=Air+Jordan+sneakers&qid=1769197484&sr=8-146&xpid=1s_YYW3qmJhf2,10,True,1
amazon,Sneakers,Jordan,Air Jordan 1,FD1437-401,FD1437-401,"Air Jordan 1 High OG Big Kids' Shoes (FD1437-401, Midnight Navy/White/Sail/Black) Size 5",125,New,https://www.amazon.com/Jordan-Shoes-FD1437-401-Midnight-White/dp/B0D97KSNRF/ref=sr_1_219?dib=eyJ2IjoiMSJ9.ALoj3V4cVWgu6jkNOI9igMdO7dbpTJ5NELnNcDQnkFMkLbOkF-zdKLQV875IbyNcifYm_a--A_NIRWpAatlHUoPsjSTxMVfirEL4CvYlYcXAvcmWCTtlGtXtVr6p9P5wOfOzlYEng3hnlqFk2sw0Hnu1xsGWArNj52ZmIxRKVKC9M3L36N2xRg0JYkl11IsVpmMEgHKyl09xm3fCHdcqM-mGjGhQ1xqLrhOdD9Pl6b3hy3_Ibeg2uYoPSCNju6gAvpINWni7LiallJpw13yhiF3g8J-_oe2hoA0t3zxem2w.5LahkioZP78z0T0eq-NI7o8_4s_-4wo1vkNt9GShqgU&dib_tag=se&keywords=Jordan+sneakers&qid=1769198164&sr=8-219&xpid=nXjk8ayRGkN3X,10,True,1
ebay,Sneakers,Jordan,Air Jordan 1,FD1437-401,FD1437-401,"Air Jordan 1 High Midnight Navy Blue Sneakers, Size 6Y / 7.5W BNIB FD1437-401",75,New,https://www.ebay.com/itm/267541193525,10,True,1
amazon,Sneakers,Jordan,Air Jordan 1,HF3148-011,HF3148-011,Nike Men's Air Jordan 1 Retro Low OG Shoes,99.95,New,https://www.amazon.com/JORDAN-PALE-IVORY-BAROQUE-BROWN-OFF/dp/B0F69C3CGZ/ref=sr_1_215?dib=eyJ2IjoiMSJ9.xCeBKNWehiwsvgUvJmDBIef2bNP_E1hsHjZml2VRUsWXJEbxKsrBxE71Yc2-Ez_UY0Nph_E1V4E43Rwc6RMN0OA_3dBsh4T8kkLNhGO2v4_gBQmstQP5PgRsRftsqVbj3Q-acGkCk8Kz4U88y6bPaKSman0qdfLeuD7oAGAMZL_DS3fHoqaQgikg6OFVejDH4AgwKcWjbTuRIsO4MXRbU52VrSmfcv0cd4H2cXdsh-_A0d-wB8_PI-ZpL5i6TUD8fGJnsbfVq5zBDVW2AlMu5I5bWjH-CEb3yuA9KzT5KWg.XSXnO-p8zgQw6uvooZWfYENNPHd3CUBGfKY57jgnol4&dib_tag=se&keywords=Air+Jordan+sneakers&qid=1769597734&sr=8-215&xpid=9wbIeO2E2wuAq,10,True,1
amazon,Sneakers,Jordan,Air Jordan 1,HF3188-102,HF3188-102,"Air Jordan 1 Low SE Big Kids' Shoes (HF3188-102, White/Dark Pony/Black)",75.79,New,https://www.amazon.com/dp/B0DYZ27H3F,10,True,2
amazon,Sneakers,Jordan,Air Jordan 1,HF3216-102,HF3216-102,"AIR JORDAN 1 MID SE ""WHITE/DARK PONY-BLACK""",105.48,New,https://www.amazon.com/dp/B0DYZ2M8ZF,10,True,3
ebay,Sneakers,Jordan,Air Jordan 1,HF3216-102,HF3216-102,Nike Air Jordan 1 Mid SE Shoes White Dark Pony Black HF3216-102 Men's Sizes NEW,104.4,New,https://www.ebay.com/itm/257300906359,10,True,3
amazon,Sneakers,Jordan,Air Jordan 1,HJ5999-400,HJ5999-400,"Air Jordan 1 Low SE Men's Shoes (HJ5999-400, Glacier Blue/Summit White/Guava Ice/Sea Glass)",110,New,https://www.amazon.com/dp/B0F69C271F,10,True,1
amazon,Sneakers,Jordan,Air Jordan 1,HJ5999-400,HJ5999-400,"Air Jordan 1 Low SE Men's Shoes (HJ5999-400, Glacier Blue/Summit White/Guava Ice/Sea Glass)",110,New,https://www.amazon.com/dp/B0F69222ML,10,True,2
amazon,Sneakers,Jordan,Air Jordan 1,HQ2004-400,HQ2004-400,Air Jordan 1 Low SE Women's Shoes (Worn Blue/Gum Light Brown/Sail/White),91.97,New,https://www.amazon.com/dp/B0FMS1N973,10,True,1
amazon,Sneakers,Jordan,Air Jordan 1,HQ2004-400,HQ2004-400,Air Jordan 1 Low SE Women's Shoes (Worn Blue/Gum Light Brown/Sail/White),91.97,New,https://www.amazon.com/dp/B0FMS24CP4,10,True,2
ebay,Sneakers,Jordan,Air Jordan 1,HQ2004-400,HQ2004-400,Nike Air Jordan 1 Low SE Denim Usado Azul (Mujer) HQ2004-400 Nuevo,109.97,New,https://www.ebay.com/itm/157250156339,10,True,1
amazon,Sneakers,Jordan,Air Jordan 1,HQ2010-005,HQ2010-005,Air Jordan 1 Low SE Tokyo Bio Hack Mens Lifestyle Shoes (Oil Grey/Cave Stone/Arctic Punch/White),135,New,https://www.amazon.com/dp/B0FTMNQG1C,10,True,1
ebay,Sneakers,Jordan,Air Jordan 1,HQ2010-005,HQ2010-005,"Nike Air Jordan 1 Low ""Tokyo Bio Hack"" Multicolor HQ2010-005 Hombres Talla",100,New,https://www.ebay.com/itm/397210031952,10,True,3
amazon,Sneakers,Jordan,Air Jordan 1,HQ2010-012,HQ2010-012,AIR JORDAN 1 LOW SE Lt Smoke Grey/black-sail-muslin HQ2010-012,151,New,https://www.amazon.com/dp/B0FJQBYLRX,10,True,1
amazon,Sneakers,Jordan,Air Jordan 1,IB7403-224,IB7403-224,"Air Jordan 1 Mid SE Men's Shoes (IB7403-224, Flax/Sesame/Coconut Milk/University Gold)",109.58,New,https://www.amazon.com/dp/B0F68YC9VK,10,True,3
ebay,Sneakers,Jordan,Air Jordan 12,153265-015,153265-015,GS 5Y-7Y Nike Air Jordan 12 Retro Stealthy 153265-015 GS,129.99,New,https://www.ebay.com/itm/135494350252,10.056,True,1
amazon,Sneakers,Jordan,Air Jordan 12,153265-015,153265-015,Jordan Boys Air Jordan 12 Retro (Big Kid),181,New,https://www.amazon.com/Jordan-Youth-Retro-153265-Stealth/dp/B0B3T8SK5H/ref=sr_1_175?dib=eyJ2IjoiMSJ9.dW7uN_-uqVtG34xNnTWLmPgaGdTF5XGbZDxrwYJb4rY2XeGdAWt_9X5_hPBUPz0FZQXLaz4HO6Q7uc5sujHjke-XEqO55fdWxlEZdl90kluS-3PdkjFj57IfmqBJIiN6W_ozMZcc8-027xpkNqLxtZGw79oOp8peOW7YTl0QbKbB2Z86ARQE1DY5bBlc6wB361fVvUwotIgwdBGQNlgNrPQ0TQnOltpLnBO2c5yxgppNuxQeh2DRV6e_ciSNg4_OEmfO0Dnrr6pjK146Odq7SgKh_AcweO05XE3blj6Rf7E.oH-YA9Od4z0-58RwPXCbk2lCJr8kw8_-_zSTq3V45Hk&dib_tag=se&keywords=Air+Jordan+sneakers&qid=1768303139&sr=8-175&xpid=VT6rjyCaKyjMi,10,True,1
ebay,Sneakers,Jordan,Air Jordan 3,CT8532-101,CT8532-101,Nike Air Jordan 3 Retro Lucky Shorts University Blue CT8532-101 Mens Shoes NEW,184.99,New,https://www.ebay.com/itm/197047665425,10.032,True,1
ebay,Sneakers,Jordan,Air Jordan 3,CT8532-106,CT8532-106,Nike Air Jordan 3 Retro Cement Grey Summit White Fire Red CT8532-106,170,New,https://www.ebay.com/itm/286989727531,10.02,True,1
ebay,Sneakers,Jordan,Air Jordan 3,CT8532-101,CT8532-101,Air Jordan 3 Retro Lucky Shorts Summit White/Blue Men's Shoes CT8532-101,179.99,New,https://www.ebay.com/itm/167458111231,10.016,True,2
ebay,Sneakers,Jordan,Air Jordan 3,CT8532-101,CT8532-101,Mens Size 9- Nike Men's Air Jordan 3 Retro 'Lucky Shorts' CT8532-101,149.99,New,https://www.ebay.com/itm/116924831322,10.004,True,3
amazon,Sneakers,Jordan,Air Jordan 3,CT8532-101,CT8532-101,"Air Jordan 3 Retro Lucky Shorts Men's Shoes (CT8532-101, Summit White/Legend Blue/Photon Dust/Hydrogen Blue)",165,New,https://www.amazon.com/Jordan-Shorts-CT8532-101-Summit-Hydrogen/dp/B0DZ73BZF3/ref=sr_1_175?dib=eyJ2IjoiMSJ9.7nTRrGcdFRm2sl9FKD2FqZgJZndSEJL24m5jsDyYNj2mtFIW_gmswitC5_J_Bc9MDjM0N40IDN4a4hQn6J5brvOIkbdInrtGkwFiZOC1A3UXnyTv5wX6vT6D-o1FH2oW9DGA47Rt5Al28vzqRefL9AxUa4vQwdcqgvrklmdVttbrVdJ6tm1NYQBaYvKxsVb2RSqjN1G_UXOaYWv1Qc4syHClc5BcGLaE9lO0eCqT33OXY7C8avgKW58lI_9qQYX6NbKl2IguWu-VXD9Nrnsq4_Ibq_lN6lLNmCvMm2EMrvQ.vqeb_GL_XmEfDiTj8ydxNjhZK5hgtQvfGWMe9NoYXR8&dib_tag=se&keywords=Jordan+sneakers&qid=1768304250&sr=8-175&xpid=r9i7FXe0lZNKX,10,True,3
amazon,Sneakers,Jordan,Air Jordan 3,CT8532-106,CT8532-106,Nike Men's Air Jordan 3 Retro Shoes,275,New,https://www.amazon.com/dp/B0D95MFWYV,10,True,2
ebay,Sneakers,Jordan,Air Jordan 3,CT8532-106,CT8532-106,Nike Jordan 3 Retro Athletic Shoes CT8532-106,294,New,https://www.ebay.com/itm/336033735816,10,True,2
ebay,Sneakers,Jordan,Air Jordan 3,CT8532-106,CT8532-106,Nike Air Jordan 3 Retro Cement Grey' CT8532-106 Men's Size 15 New In BOX,229.99,New,https://www.ebay.com/itm/127628773347,10,True,3
ebay,Sneakers,Jordan,Air Jordan 4,IB4171-003,IB4171-003,Air Jordan 4 Retro Grade School Rare Air IB4171-003 Youth Size,145,New,https://www.ebay.com/itm/205687587676,10.024,True,1
ebay,Sneakers,Jordan,Air Jordan 4,DH6927-061,DH6927-061,Nike Air Jordan 4 Retro Mid Infrared Jordan 4 Retro Men's DH6927-061,261,New,https://www.ebay.com/itm/375725088132,10.008,True,1
amazon,Sneakers,Jordan,Air Jordan 4,AQ9129-103,AQ9129-103,Nike Women's Air Jordan 4 Shoes,282,New,https://www.amazon.com/dp/B0F9FSF6XG,10,True,1
ebay,Sneakers,Jordan,Air Jordan 4,AQ9129-103,AQ9129-103,Size 4 - Nike Air Jordan 4 Retro Seafoam AQ9129-103,159.99,New,https://www.ebay.com/itm/317727313155,10,True,1
amazon,Sneakers,Jordan,Air Jordan 4,DH6927-061,DH6927-061,Jordan 4 Retro Infrared,309,New,https://www.amazon.com/Jordan-Mens-Retro-DH6927-Infrared/dp/B0B52FP1MT/ref=sr_1_191?dib=eyJ2IjoiMSJ9.hpoQ8Z3_yJ75k0BSlNpppuWOq0z6iQEgHfkFE4TDDyWK6Ai7_drbmXx9Vonxoqv2HMTMqYFD5c8Hc-J2z8y0ENNnithCVCy5ThjzY6zgECl7HmuP3RhBeRnF575JI6OQImdzK5DjG6UBO3_FETDzvb_6jm9QQSUOTcqDyqy1z2S1FucseSF16csgZ9vCTGLy1yQdA4betNKTQm7F66cLzWp9sqpm5a3u3utMvv2pgSnm47IAYSg_-S6DLcZgKO6cDSOJuKA-ifa6zkl9zN7gqG0kkA0M19JWRJ7BRjZZctQ.dWxCt-F6olv8xgkMGZ3tZ7RX6zARm2EdKfU-sYLKPjI&dib_tag=se&keywords=Air+Jordan+sneakers&qid=1769197484&sr=8-191&xpid=1s_YYW3qmJhf2,10,True,1
ebay,Sneakers,Jordan,Air Jordan 4,DH6927-061,DH6927-061,Air Jordan 4 Retro Infrared 2022 - Mens Size 10 DH6927-061 Used With Box,125,Used - Good,https://www.ebay.com/itm/136972798712,10,True,3
amazon,Sneakers,Jordan,Air Jordan 4,HV0823-003,HV0823-003,"Air Jordan 4 Retro ""Seafoam Sail""",193,New,https://www.amazon.com/Air-Jordan-4-Retro-Seafoam/dp/B0F22H5KVB/ref=sr_1_163?dib=eyJ2IjoiMSJ9.dW7uN_-uqVtG34xNnTWLmPgaGdTF5XGbZDxrwYJb4rY2XeGdAWt_9X5_hPBUPz0FZQXLaz4HO6Q7uc5sujHjke-XEqO55fdWxlEZdl90kluS-3PdkjFj57IfmqBJIiN6W_ozMZcc8-027xpkNqLxtZGw79oOp8peOW7YTl0QbKbB2Z86ARQE1DY5bBlc6wB361fVvUwotIgwdBGQNlgNrPQ0TQnOltpLnBO2c5yxgppNuxQeh2DRV6e_ciSNg4_OEmfO0Dnrr6pjK146Odq7SgKh_AcweO05XE3blj6Rf7E.oH-YA9Od4z0-58RwPXCbk2lCJr8kw8_-_zSTq3V45Hk&dib_tag=se&keywords=Air+Jordan+sneakers&qid=1768303139&sr=8-163&xpid=VT6rjyCaKyjMi,10,True,2
ebay,Sneakers,Jordan,Air Jordan 4,HV0823-003,HV0823-003,"Air Jordan 4 Retro Abundance Seafoam HV0823-003 para mujer talla 12- para hombre talla 10,5",119.95,New - No Box,https://www.ebay.com/itm/168072944799,10,True,1
amazon,Sneakers,Jordan,Air Jordan 4,IB4171-003,IB4171-003,Air Jordan 4 Retro OG Big Kids' Shoes Black/Fire Red-Deep Royal Blue,216,New,https://www.amazon.com/Jordan-Retro-Shoes-Black-Red-Deep/dp/B0FHJCQCL5/ref=sr_1_181?dib=eyJ2IjoiMSJ9.7nTRrGcdFRm2sl9FKD2FqZgJZndSEJL24m5jsDyYNj2mtFIW_gmswitC5_J_Bc9MDjM0N40IDN4a4hQn6J5brvOIkbdInrtGkwFiZOC1A3UXnyTv5wX6vT6D-o1FH2oW9DGA47Rt5Al28vzqRefL9AxUa4vQwdcqgvrklmdVttbrVdJ6tm1NYQBaYvKxsVb2RSqjN1G_UXOaYWv1Qc4syHClc5BcGLaE9lO0eCqT33OXY7C8avgKW58lI_9qQYX6NbKl2IguWu-VXD9Nrnsq4_Ibq_lN6lLNmCvMm2EMrvQ.vqeb_GL_XmEfDiTj8ydxNjhZK5hgtQvfGWMe9NoYXR8&dib_tag=se&keywords=Jordan+sneakers&qid=1768304250&sr=8-181&xpid=r9i7FXe0lZNKX,10,True,1
ebay,Sneakers,Jordan,Air Jordan 5,IM7592-130,IM7592-130,Nike Air Jordan 5 Retro Luminous Green Women's Cream Sports Sneaker IM7592-130,137.75,New,https://www.ebay.com/itm/127476848820,10.004,True,1
amazon,Sneakers,Jordan,Air Jordan 5,IM7592-130,IM7592-130,Women's Air Jordan 5 Retro 'Luminous Green',179.95,New,https://www.amazon.com/dp/B0FVBMQ5BX,10,True,2
ebay,Sneakers,Jordan,Air Jordan 6,322992-062,322992-062,Jordan 6 RINGS Men's Multi Size Black /Varsity Red-White 322992-062 Fast Ship,120,New - No Box,https://www.ebay.com/itm/187480800708,10.076,True,1
ebay,Sneakers,Jordan,Air Jordan 6,322992-062,322992-062,JORDAN 6 RINGS Black Varsity Red White Men Size 8-13 Athletic Shoes 322992-062,99.95,New,https://www.ebay.com/itm/177516733708,10.02,True,2
ebay,Sneakers,Jordan,Air Jordan 6,322992-164,322992-164,[322992-164] MENS AIR JORDAN 6 RINGS 'CHICAGO BULLS',159.99,New,https://www.ebay.com/itm/297587882925,10.02,True,1
ebay,Sneakers,Jordan,Air Jordan 6,322992-062,322992-062,Nike Air Jordan 6 Rings Black Red Basketball Men's Shoes Sneakers 322992-062,170.99,New,https://www.ebay.com/itm/167462270446,10.016,True,3
amazon,Sneakers,Jordan,Air Jordan 6,322992-062,322992-062,Jordan 6 Rings,168.62,New,https://www.amazon.com/dp/B07QB9PKG8,10,True,1
amazon,Sneakers,Jordan,Air Jordan 6,322992-164,322992-164,Jordan 6 Rings (White/Black-Varsity Red),189.9,New,https://www.amazon.com/dp/B0DTRQQ9KZ,10,True,2
ebay,Sneakers,Nike,Nike Air Force 1,CW2288-111,CW2288-111,Nike Air Force 1 '07 White CW2288-111,100,New,https://www.ebay.com/itm/204274447782,12.7839999999999,True,1
ebay,Sneakers,Nike,Nike Air Force 1,CW2288-111,CW2288-111,Nike Air Force 1 Low White '07 Mens White Sports Sneaker CW2288-111,118.75,New,https://www.ebay.com/itm/127139032064,10.92,True,2
ebay,Sneakers,Nike,Nike Air Force 1,FJ4146-002,FJ4146-002,Nike Air Force 1 Low '07 LV8 Vamps FJ4146-002 - Men Sizing - Brand NEW,124.99,New,https://www.ebay.com/itm/267359425494,10.852,True,1
ebay,Sneakers,Nike,Nike Air Force 1,CW2288-111,CW2288-111,Nike Air Force 1 Low Triple White Sneakers Retro OG CW2288-111 Mens Size,89.99,New,https://www.ebay.com/itm/397257297255,10.048,True,3
ebay,Sneakers,Nike,Nike Air Force 1,FJ4146-002,FJ4146-002,Nike Air Force 1 Low '07 LV8 Vamps Black Red Sneakers FJ4146-002 Mens Size NEW,125.97,New,https://www.ebay.com/itm/317127607833,10.028,True,2
amazon,Sneakers,Nike,Nike Air Force 1,CW2288-111,CW2288-111,Nike Air Force 1 Men's Sneakers,150.81,New,https://www.amazon.com/Nike-Mens-Force-Basketball-Shoes/dp/B08QBFSPS6/ref=sr_1_31?dib=eyJ2IjoiMSJ9.lV5rIamrryZHhjQoeXa5NoOZcwSuOdpcLlbrpL0xGoPi4wDlNGzGJDIJk-tx1FjPn-ie_mt2uX9Ibr0Qt5aFEV06rJDwYzKJRhS-CNHRGll5xDU2bH00O4dkg0FXXsquAWC4ADCU1ITDE_mm_ZGJr50QyppD2rB7rMUzVNUapGgExeaYkGgTg_QZClrlYdNbCtzXPk5leLQjJubCK9R01YJby36wPQC9TmRj1scxkOP7oW09L9nLIqn-acV7aAmBSMNhMJ9DNhq2sNoaw1ifCNtWdFlcjfxRGisxpSQcmMU.36DZxmPrlin-s3oSvre-bvoY4LDQm5uoUTQwkmHRX4c&dib_tag=se&keywords=Air+Jordan+sneakers&qid=1769597670&sr=8-31,10,True,1
amazon,Sneakers,Nike,Nike Air Force 1,FJ4146-002,FJ4146-002,Nike Air Force 1 '07 Unisex Shoes,150.5,New,https://www.amazon.com/dp/B0DLGXPZH9,10,True,1
